Day,Day Name,Exercise,Sets,Rep Range,RIR,Rest
1,Chest + Triceps,Barbell bench press,3,5–8,1–3,4
1,Chest + Triceps,Incline dumbbell press,3,8–10,1–3,2.5
1,Chest + Triceps,Cable chest fly,2,10–12,0–2,2
1,Chest + Triceps,Weighted dips,2,6–10,1–3,2
1,Chest + Triceps,Cable triceps extension,3,10–12,0–2,1.5
1,Chest + Triceps,Overhead cable triceps extension,3,10–12,0–2,1.5
1,Abs,Abs Machine,4,10–12,1–3,1.5
2,Back + Biceps,Pull-ups,3,6–10,1–3,4
2,Back + Biceps,Chest-supported row,3,10–12,1–3,2.5
2,Back + Biceps,Single-arm cable row,3,10–12,0–2,2
2,Back + Biceps,"Lat pulldown, different grip",2,10–12,0–2,2
2,Back + Biceps,Face pulls (cable),2,12–15,0–2,1.5
2,Back + Biceps,EZ-bar curl,3,10–12,0–2,1.5
2,Back + Biceps,Incline dumbbell curl,3,10–12,0–2,1.5
3,Legs,Squat,3,5–8,1–3,4
3,Legs,Romanian deadlift,3,6–10,1–3,3
3,Legs,Leg press,3,10–12,1–3,2.5
3,Legs,Leg curl,3,10–12,0–2,1.5
3,Legs,Leg extension,2,10–12,0–2,1.5
3,Legs,Hiptrust,2,10–12,0–2,1.5
3,Legs,Abductor,2,10–12,0–2,1.5
4,Shoulders + Arms,Overhead press,3,5–8,1–3,3
4,Shoulders + Arms,Dumbbell lateral raise,4,10–12,0–2,2
4,Shoulders + Arms,Face pulls (cable) (shoulder),3,10–12,0–2,1.5
4,Shoulders + Arms,EZ-bar curl,2,10–12,0–2,1.5
4,Shoulders + Arms,Cable curl,2,12–15,0–2,1.5
4,Shoulders + Arms,Cable triceps pushdown,2,10–12,0–2,1.5
4,Shoulders + Arms,Overhead triceps extension,2,12–15,0–2,1.5
4,Abs,Abs Rollo,3,10–12,1–3,1.5
5,Upper Body,Incline bench press,3,6–10,1–3,3
5,Upper Body,Lat pulldown,3,8–12,1–3,3
5,Upper Body,Machine chest press,3,8–12,1–3,2
5,Upper Body,Seated cable row,3,8–12,1–3,2
5,Upper Body,Cable lateral raise,3,10–15,0–2,1.5
5,Upper Body,Chest fly,2,12–15,0–2,1.5
5,Upper Body,Optional biceps + triceps superset,2,10–15 each,0–2,2